<application>
  <component name="CodeInsightSettings">
    <EXCLUDED_PACKAGE NAME="java.text.DateFormat" />
    <EXCLUDED_PACKAGE NAME="org.apache.commons.exec.CommandLine" />
    <EXCLUDED_PACKAGE NAME="org.apache.commons.lang3.StringUtils" />
    <EXCLUDED_PACKAGE NAME="org.apache.lucene.util.IOUtils" />
    <EXCLUDED_PACKAGE NAME="org.springframework.beans.factory.annotation.Autowired" />
    <EXCLUDED_PACKAGE NAME="org.springframework.stereotype.Service" />
  </component>
  <component name="DaemonCodeAnalyzerSettings">
    <option name="NEXT_ERROR_ACTION_GOES_TO_ERRORS_FIRST" value="false" />
  </component>
  <component name="DefaultFont">
    <option name="FONT_FAMILY" value="Ayuthaya" />
  </component>
  <component name="EditorSettings">
    <option name="USE_SOFT_WRAPS" value="" />
    <option name="IS_VIRTUAL_SPACE" value="true" />
  </component>
</application>