<application>
  <component name="NotificationConfiguration">
    <notification groupId="AIR Packaging" />
    <notification groupId="Android Module Importing" />
    <notification groupId="Android Property Files Updating" />
    <notification groupId="Clean artifact" />
    <notification groupId="Common Version Control Messages" displayType="TOOL_WINDOW" />
    <notification groupId="Compiler" displayType="NONE" />
    <notification groupId="Database editor log" displayType="NONE" />
    <notification groupId="Database refactoring log" displayType="NONE" />
    <notification groupId="Database view" displayType="TOOL_WINDOW" />
    <notification groupId="Eclipse code formatter error" />
    <notification groupId="Eclipse code formatter info" />
    <notification groupId="Execution" displayType="NONE" />
    <notification groupId="External Executable Critical Failures" displayType="STICKY_BALLOON" />
    <notification groupId="Flash app not compiled before launch" displayType="TOOL_WINDOW" shouldLog="false" />
    <notification groupId="Framework Detection" />
    <notification groupId="Git Important Messages" displayType="STICKY_BALLOON" />
    <notification groupId="Git Messages" displayType="TOOL_WINDOW" />
    <notification groupId="Git Minor Notifications" />
    <notification groupId="Gradle Notification Group" />
    <notification groupId="Grape" />
    <notification groupId="Groovy DSL errors" />
    <notification groupId="IDE Fatal Errors" displayType="NONE" />
    <notification groupId="IDE Usage Statistics" displayType="STICKY_BALLOON" shouldLog="false" />
    <notification groupId="Maven" />
    <notification groupId="Maven Import" displayType="STICKY_BALLOON" />
    <notification groupId="notification.group.id.gradle" displayType="TOOL_WINDOW" />
    <notification groupId="OSGi important errors" displayType="STICKY_BALLOON" />
    <notification groupId="OSGi Important Messages" displayType="STICKY_BALLOON" />
    <notification groupId="Plugins Lifecycle Group" displayType="STICKY_BALLOON" />
    <notification groupId="Spring Configuration Check" displayType="STICKY_BALLOON" />
    <notification groupId="Svn Roots Detection Errors" displayType="STICKY_BALLOON" />
    <notification groupId="System" displayType="STICKY_BALLOON" shouldLog="false" />
    <notification groupId="Test Runner" displayType="NONE" />
    <notification groupId="Update Checker" displayType="STICKY_BALLOON" />
    <notification groupId="update.available.group" displayType="STICKY_BALLOON" />
    <notification groupId="Updater" />
    <notification groupId="Vcs Important Messages" displayType="STICKY_BALLOON" />
    <notification groupId="Vcs Minor Notifications" />
    <notification groupId="Web Deployment" />
  </component>
</application>